Lokasi,pH,TDS (mg/L),Kekeruhan (NTU),DO (mg/L),BOD (mg/L),COD (mg/L),Suhu (C)
Sumber Mata Air 001,7.55,47,1.13,7.56,1.11,8,25.44
Air Galon Isi Ulang 002,6.86,71,0.34,7.33,0.65,2,24.6
Reservoir PDAM 003,7.42,207,1.51,7.34,1.73,5,27.42
Sumur Warga 004,7.13,296,2.59,7.31,2.08,10,25.84
Sungai Hulu 005,7.48,193,5.94,7.51,2.07,22,25.32
Sungai Tengah 006,7.0,469,13.04,6.52,4.98,37,26.16
Sungai Hilir 007,6.43,466,11.44,4.04,5.56,42,29.22
Irigasi Sawah 008,6.73,393,11.77,4.39,8.68,48,28.83
Kolam Budidaya 009,7.01,592,8.61,4.71,9.44,49,29.17
Danau Kota 010,7.45,587,16.75,4.73,3.14,30,27.8
Kanal Perkotaan 011,6.21,954,39.03,2.69,14.9,75,31.7
Drainase Pasar 012,6.36,718,28.41,2.92,13.89,102,32.14
Saluran Rumah Tangga 013,6.2,747,54.92,2.52,13.09,78,29.44
Outlet Industri Ringan 014,7.38,1334,22.98,2.18,11.82,140,31.88
Muara Sungai 015,8.27,1675,8.23,5.8,8.09,57,29.07
Pantai Dekat Muara 016,8.11,1223,10.09,6.0,5.82,50,29.05
Kolam Taman 017,7.35,282,14.95,6.54,3.19,32,28.33
Air Keran Sekolah 018,6.92,265,3.11,7.4,1.75,5,26.13
Embung Desa 019,6.62,593,20.06,5.91,4.69,22,30.07
Drainase Terminal 020,6.85,647,41.04,1.54,22.65,130,30.01
Sumber Mata Air 021,7.43,97,1.11,8.6,0.77,4,24.28
Air Galon Isi Ulang 022,7.31,52,0.77,8.49,0.78,5,25.55
Reservoir PDAM 023,7.0,156,1.88,7.34,0.92,7,25.21
Sumur Warga 024,7.07,258,7.84,7.12,1.38,12,27.84
Sungai Hulu 025,6.97,112,6.65,7.23,1.95,19,26.83
Sungai Tengah 026,6.67,249,10.6,5.65,4.51,38,28.36
Sungai Hilir 027,7.18,389,17.25,4.28,9.74,41,27.67
Irigasi Sawah 028,6.8,412,13.01,4.35,8.62,41,29.58
Kolam Budidaya 029,7.46,320,21.99,5.81,9.33,59,30.05
Danau Kota 030,6.88,444,8.6,5.12,3.26,32,29.96
Kanal Perkotaan 031,6.27,881,28.92,2.93,17.62,105,30.45
Drainase Pasar 032,6.62,660,29.71,3.74,17.37,100,31.62
Saluran Rumah Tangga 033,5.86,959,39.59,3.21,13.89,133,29.32
Outlet Industri Ringan 034,6.41,1176,29.56,2.66,9.2,131,30.61
Muara Sungai 035,7.85,1457,16.38,5.46,7.14,77,28.82
Pantai Dekat Muara 036,8.17,1363,9.54,6.48,3.2,30,31.01
Kolam Taman 037,6.97,363,15.98,6.79,2.29,20,27.3
Air Keran Sekolah 038,7.55,287,4.51,6.67,1.08,16,27.46
Embung Desa 039,7.21,615,16.46,4.02,7.49,31,29.32
Drainase Terminal 040,6.84,674,28.81,1.61,19.75,98,31.92
Sumber Mata Air 041,7.6,64,1.96,7.62,0.84,9,25.29
Air Galon Isi Ulang 042,6.86,71,0.72,7.01,0.89,6,24.79
Reservoir PDAM 043,7.49,208,2.17,6.42,0.71,13,27.71
Sumur Warga 044,6.99,464,5.58,5.7,1.53,14,28.65
Sungai Hulu 045,7.44,236,6.44,6.58,1.5,9,26.73
Sungai Tengah 046,7.3,342,13.07,5.11,6.5,41,29.42
Sungai Hilir 047,7.01,703,10.45,5.19,6.83,66,29.81
Irigasi Sawah 048,7.18,552,12.8,5.53,4.54,56,29.58
Kolam Budidaya 049,7.07,627,13.36,4.53,8.37,34,27.57
Danau Kota 050,6.91,381,18.03,6.42,4.26,41,28.2
Kanal Perkotaan 051,6.98,767,40.54,2.25,17.73,64,31.87
Drainase Pasar 052,6.17,636,33.3,3.26,14.45,103,30.79
Saluran Rumah Tangga 053,6.19,954,31.9,2.92,12.02,131,31.15
Outlet Industri Ringan 054,7.58,1294,29.44,3.02,8.7,113,30.99
Muara Sungai 055,7.55,1663,22.4,4.75,5.86,50,29.61
Pantai Dekat Muara 056,7.84,1240,9.89,7.07,4.71,51,30.46
Kolam Taman 057,7.17,389,4.0,5.37,3.72,30,28.46
Air Keran Sekolah 058,7.17,204,1.78,6.85,2.42,15,25.59
Embung Desa 059,6.68,436,16.13,4.77,7.5,49,29.35
Drainase Terminal 060,6.12,710,25.81,1.89,18.65,135,29.79
Sumber Mata Air 061,7.39,105,0.95,8.31,0.84,5,24.66
Air Galon Isi Ulang 062,6.8,99,1.46,7.16,0.58,3,26.87
Reservoir PDAM 063,7.31,128,1.6,7.76,1.24,12,27.0
Sumur Warga 064,7.39,382,8.15,7.18,2.79,21,27.27
Sungai Hulu 065,7.46,183,6.43,7.54,1.95,11,24.87
Sungai Tengah 066,7.07,450,11.78,6.05,3.68,20,27.0
Sungai Hilir 067,6.47,478,19.72,3.82,6.27,57,29.47
Irigasi Sawah 068,6.46,407,17.77,4.71,5.03,40,29.71
Kolam Budidaya 069,7.5,578,19.71,5.64,6.09,26,28.56
Danau Kota 070,7.53,591,19.32,5.16,6.36,37,28.81
Kanal Perkotaan 071,6.22,621,28.46,2.06,12.03,89,29.92
Drainase Pasar 072,6.07,823,25.32,3.04,11.3,92,30.98
Saluran Rumah Tangga 073,5.83,993,28.21,2.42,12.6,98,29.85
Outlet Industri Ringan 074,6.72,1309,21.86,4.11,16.32,80,29.87
Muara Sungai 075,7.22,1385,28.0,4.87,7.9,69,30.61
Pantai Dekat Muara 076,8.2,2145,6.79,5.04,2.61,23,30.68
Kolam Taman 077,7.41,293,12.39,6.33,2.67,31,28.74
Air Keran Sekolah 078,6.89,276,4.86,6.19,0.85,9,27.37
Embung Desa 079,7.56,391,17.44,4.17,6.8,44,27.36
Drainase Terminal 080,6.67,1068,44.81,1.64,25.77,131,30.89
Sumber Mata Air 081,7.4,80,1.66,7.75,1.23,9,22.85
Air Galon Isi Ulang 082,7.47,89,1.54,8.06,0.59,6,26.9
Reservoir PDAM 083,7.12,249,2.52,7.17,1.21,12,25.81
Sumur Warga 084,7.27,462,2.11,7.16,1.83,16,27.64
Sungai Hulu 085,7.1,95,6.18,6.53,1.42,19,25.19
Sungai Tengah 086,7.29,430,8.59,4.82,6.58,20,28.52
Sungai Hilir 087,6.69,653,22.43,4.99,7.7,61,27.33
Irigasi Sawah 088,6.6,509,13.51,5.08,6.37,44,28.28
Kolam Budidaya 089,7.7,432,17.25,4.45,5.38,30,28.08
Danau Kota 090,6.83,464,16.55,4.63,3.97,35,29.17
Kanal Perkotaan 091,6.98,761,24.79,2.22,10.75,66,29.13
Drainase Pasar 092,5.91,858,29.13,3.75,17.09,108,29.44
Saluran Rumah Tangga 093,6.67,905,51.05,2.65,17.63,101,29.74
Outlet Industri Ringan 094,6.11,1453,24.42,4.3,12.01,66,32.33
Muara Sungai 095,7.26,1034,19.26,4.76,9.96,36,31.06
Pantai Dekat Muara 096,8.09,1970,7.16,6.15,3.8,34,31.44
Kolam Taman 097,7.79,319,11.45,6.02,4.96,41,27.12
Air Keran Sekolah 098,6.97,245,1.54,6.31,0.94,5,26.58
Embung Desa 099,7.19,351,9.7,5.63,6.87,37,29.41
Drainase Terminal 100,6.82,1033,45.63,2.72,25.07,108,31.68